Год,Название,Тикер,Дефолт,Надежность,Примечание
,,,,,
2007,ОФЗ-25059,SU25059RMFS5,-,+,
2007,РЖД-06,RU000A0GJNF4,-,+,
2007,Лукойл-02,RU000A0DGFW8,-,+,
2007,Инком-Финанс,RU000A0DZ3A9,-,-,
2007,Миннеско Новосибирск,RU000A0JNZ45,+,-,
2007,Магнит,MGNT,н/п,н/п,
2007,Сбер,SBER,н/п,н/п,
2007,Норникель,GMKN,н/п,н/п,
2007,Роснефть,ROSN,н/п,н/п,
2007,ПИК,PIKK,н/п,н/п,
2007,Газпром,GAZP,н/п,н/п,
2007,Полюс,PLZL,н/п,н/п,
2007,Сургутнефтегаз-П,SNGSP,н/п,н/п,
2007,Банковская ставка RUB,BANK_DEPOSIT_RATE_RUB,н/п,н/п,
2007,Золото/RUB TOM,GLDRUB_TOM,н/п,н/п,
2007,USD/RUB,USD_RUB,н/п,н/п,
2007,Фонд RU000A0EQ3Q5,RU000A0EQ3Q5,н/п,н/п,
2007,Фонд RU000A0JR282,RU000A0JR282,н/п,н/п,
,,,,,
2008,ОФЗ-26201,SU26201RMFS2,-,+,
2008,Газпром А4,RU000A0DY3S2,-,+,
2008,РЖД-07,RU000A0GJNG2,-,+,
2008,МАРТА ФИНАНС-02,RU000A0GKNR7,+,-,
2008,Седьмой-Континент-2,RU000A0JPB17,,-,
2008,Магнит,MGNT,н/п,н/п,
2008,ВТБ,VTBR,н/п,н/п,
2008,Сбер,SBER,н/п,н/п,
2008,Норникель,GMKN,н/п,н/п,
2008,ЛСР,LSRG,н/п,н/п,
2008,Роснефть,ROSN,н/п,н/п,
2008,ПИК,PIKK,н/п,н/п,
2008,Газпром,GAZP,н/п,н/п,
2008,АФК Система,AFKS,н/п,н/п,
2008,Транснефть,TRNFP,н/п,н/п,
2008,Полюс,PLZL,н/п,н/п,
2008,Сургутнефтегаз-П,SNGSP,н/п,н/п,
2008,Банковская ставка RUB,BANK_DEPOSIT_RATE_RUB,н/п,н/п,
2008,Золото/RUB TOM,GLDRUB_TOM,н/п,н/п,
2008,USD/RUB,USD_RUB,н/п,н/п,
2008,Фонд RU000A0EQ3Q5,RU000A0EQ3Q5,н/п,н/п,
2008,Фонд RU000A0JR282,RU000A0JR282,н/п,н/п,
,,,,,
2009,ОФЗ-25068,SU25068RMFS6,-,+,
2009,РСХБ-03,RU000A0JP2G4,-,+,
2009,РЖД-08,RU000A0JPW61,-,+,
2009,М-ИНДУСТРИЯ-01,RU000A0JNJ29,+,-,
2009,Вагонмаш-02,RU000A0JNZW9,-,-,
2009,Магнит,MGNT,н/п,н/п,
2009,ВТБ,VTBR,н/п,н/п,
2009,Сбер,SBER,н/п,н/п,
2009,Норникель,GMKN,н/п,н/п,
2009,ЛСР,LSRG,н/п,н/п,
2009,Роснефть,ROSN,н/п,н/п,
2009,ПИК,PIKK,н/п,н/п,
2009,Газпром,GAZP,н/п,н/п,
2009,АФК Система,AFKS,н/п,н/п,
2009,Транснефть,TRNFP,н/п,н/п,
2009,Полюс,PLZL,н/п,н/п,
2009,Сургутнефтегаз-П,SNGSP,н/п,н/п,
2009,Банковская ставка RUB,BANK_DEPOSIT_RATE_RUB,н/п,н/п,
2009,Золото/RUB TOM,GLDRUB_TOM,н/п,н/п,
2009,USD/RUB,USD_RUB,н/п,н/п,
2009,Фонд RU000A0EQ3Q5,RU000A0EQ3Q5,н/п,н/п,
2009,Фонд RU000A0JR282,RU000A0JR282,н/п,н/п,
,,,,,
2010,ОФЗ-25075,SU25075RMFS1,-,+,
2010,ФСК ЕЭС-04,RU000A0JNPX8,-,+,
2010,РЖД-09,RU000A0JQ136,-,+,
2010,Промтрактор-Финанс-03,RU000A0JPWU5,+,-,
2010,М-Индустрия-02,RU000A0JPTR7,+,-,
2010,Магнит,MGNT,н/п,н/п,
2010,ВТБ,VTBR,н/п,н/п,
2010,Сбер,SBER,н/п,н/п,
2010,Норникель,GMKN,н/п,н/п,
2010,ЛСР,LSRG,н/п,н/п,
2010,Роснефть,ROSN,н/п,н/п,
2010,ПИК,PIKK,н/п,н/п,
2010,Газпром,GAZP,н/п,н/п,
2010,АФК Система,AFKS,н/п,н/п,
2010,Транснефть,TRNFP,н/п,н/п,
2010,Полюс,PLZL,н/п,н/п,
2010,Сургутнефтегаз-П,SNGSP,н/п,н/п,
2010,Банковская ставка RUB,BANK_DEPOSIT_RATE_RUB,н/п,н/п,
2010,Золото/RUB TOM,GLDRUB_TOM,н/п,н/п,
2010,USD/RUB,USD_RUB,н/п,н/п,
2010,Фонд RU000A0EQ3Q5,RU000A0EQ3Q5,н/п,н/п,
2010,Фонд RU000A0JR282,RU000A0JR282,н/п,н/п,
,,,,,
2011,ОФЗ-26203,SU26203RMFS8,-,+,
2011,Газпром нефть-03,RU000A0JQ8H8,-,+,
2011,РЖД-11,RU000A0JQ177,-,+,
2011,Нутринвестхолдинг-02,RU000A0JQHV2,+,-,
2011,ЮТэйр-Финанс-БО-04,RU000A0JRDB1,-,-,
2011,Магнит,MGNT,н/п,н/п,
2011,ВТБ,VTBR,н/п,н/п,
2011,Сбер,SBER,н/п,н/п,
2011,Норникель,GMKN,н/п,н/п,
2011,ЛСР,LSRG,н/п,н/п,
2011,Роснефть,ROSN,н/п,н/п,
2011,ПИК,PIKK,н/п,н/п,
2011,Газпром,GAZP,н/п,н/п,
2011,АФК Система,AFKS,н/п,н/п,
2011,Транснефть,TRNFP,н/п,н/п,
2011,Полюс,PLZL,н/п,н/п,
2011,Сургутнефтегаз-П,SNGSP,н/п,н/п,
2011,Банковская ставка RUB,BANK_DEPOSIT_RATE_RUB,н/п,н/п,
2011,Золото/RUB TOM,GLDRUB_TOM,н/п,н/п,
2011,USD/RUB,USD_RUB,н/п,н/п,
2011,Фонд RU000A0EQ3Q5,RU000A0EQ3Q5,н/п,н/п,
2011,Фонд RU000A0JR282,RU000A0JR282,н/п,н/п,
,,,,,
2012,ОФЗ-26206,SU26206RMFS1,-,+,
2012,Башнефть-02,RU000A0JQNS6,-,+,
2012,РусГидро-07,RU000A0JTMG7,-,+,
2012,НОК-03,RU000A0JQAQ7,+,-,
2012,СУ-155 Капитал-05,RU000A0JTNX0,-,-,
2012,Магнит,MGNT,н/п,н/п,
2012,ВТБ,VTBR,н/п,н/п,
2012,Сбер,SBER,н/п,н/п,
2012,Норникель,GMKN,н/п,н/п,
2012,ЛСР,LSRG,н/п,н/п,
2012,Роснефть,ROSN,н/п,н/п,
2012,ПИК,PIKK,н/п,н/п,
2012,Газпром,GAZP,н/п,н/п,
2012,АФК Система,AFKS,н/п,н/п,
2012,Транснефть,TRNFP,н/п,н/п,
2012,Полюс,PLZL,н/п,н/п,
2012,Сургутнефтегаз-П,SNGSP,н/п,н/п,
2012,Банковская ставка RUB,BANK_DEPOSIT_RATE_RUB,н/п,н/п,
2012,Золото/RUB TOM,GLDRUB_TOM,н/п,н/п,
2012,USD/RUB,USD_RUB,н/п,н/п,
2012,Фонд RU000A0EQ3Q5,RU000A0EQ3Q5,н/п,н/п,
2012,Фонд RU000A0JR282,RU000A0JR282,н/п,н/п,
,,,,,
2013,ОФЗ-26204,SU26204RMFS6,-,+,
2013,ВТБ-06,RU000A0JNGU3,-,+,
2013,РЖД-28,RU000A0JTU85,-,+,
2013,КАСКАД-01,RU000A0JTZ56,+,-,
2013,ЮТэйр-Финанс-05,RU000A0JRN60,-,-,
2013,Магнит,MGNT,н/п,н/п,
2013,ВТБ,VTBR,н/п,н/п,
2013,Сбер,SBER,н/п,н/п,
2013,Норникель,GMKN,н/п,н/п,
2013,ЛСР,LSRG,н/п,н/п,
2013,Роснефть,ROSN,н/п,н/п,
2013,ПИК,PIKK,н/п,н/п,
2013,Газпром,GAZP,н/п,н/п,
2013,АФК Система,AFKS,н/п,н/п,
2013,Мосбиржа,MOEX,н/п,н/п,
2013,Транснефть,TRNFP,н/п,н/п,
2013,Полюс,PLZL,н/п,н/п,
2013,Сургутнефтегаз-П,SNGSP,н/п,н/п,
2013,Банковская ставка RUB,BANK_DEPOSIT_RATE_RUB,н/п,н/п,
2013,Золото/RUB TOM,GLDRUB_TOM,н/п,н/п,
2013,USD/RUB,USD_RUB,н/п,н/п,
2013,Фонд RU000A0EQ3Q5,RU000A0EQ3Q5,н/п,н/п,
2013,Фонд RU000A0JR282,RU000A0JR282,н/п,н/п,
,,,,,
2014,ОФЗ-26210,SU26210RMFS3,-,+,
2014,Башнефть-04,RU000A0JS3U0,-,+,
2014,РусГидро-08,RU000A0JTMK9,-,+,
2014,СУ-155 Капитал-04,RU000A0JS7D7,+,-,
2014,ЮТэйр-Финанс-БО-09,RU000A0JTBH8,+,-,
2014,Магнит,MGNT,н/п,н/п,
2014,ВТБ,VTBR,н/п,н/п,
2014,Сбер,SBER,н/п,н/п,
2014,Норникель,GMKN,н/п,н/п,
2014,ЛСР,LSRG,н/п,н/п,
2014,Роснефть,ROSN,н/п,н/п,
2014,ПИК,PIKK,н/п,н/п,
2014,Газпром,GAZP,н/п,н/п,
2014,АФК Система,AFKS,н/п,н/п,
2014,Яндекс,YDEX,н/п,н/п,
2014,Мосбиржа,MOEX,н/п,н/п,
2014,Транснефть,TRNFP,н/п,н/п,
2014,Полюс,PLZL,н/п,н/п,
2014,Сургутнефтегаз-П,SNGSP,н/п,н/п,
2014,Банковская ставка RUB,BANK_DEPOSIT_RATE_RUB,н/п,н/п,
2014,Золото/RUB TOM,GLDRUB_TOM,н/п,н/п,
2014,USD/RUB,USD_RUB,н/п,н/п,
2014,Фонд RU000A0EQ3Q5,RU000A0EQ3Q5,н/п,н/п,
2014,Фонд RU000A0JR282,RU000A0JR282,н/п,н/п,
,,,,,
2015,ОФЗ-26214,SU26214RMFS5,-,+,
2015,МТС-08,RU000A0JR4J2,-,+,
2015,РЖД-30,RU000A0JUAH8,-,+,
2015,Трансаэро-БО-02,RU000A0JUCY9,+,-,
2015,АгроКомплекс-01,RU000A0JSL87,+,-,
2015,Магнит,MGNT,н/п,н/п,
2015,ВТБ,VTBR,н/п,н/п,
2015,Сбер,SBER,н/п,н/п,
2015,Норникель,GMKN,н/п,н/п,
2015,ЛСР,LSRG,н/п,н/п,
2015,Роснефть,ROSN,н/п,н/п,
2015,ПИК,PIKK,н/п,н/п,
2015,Газпром,GAZP,н/п,н/п,
2015,АФК Система,AFKS,н/п,н/п,
2015,Яндекс,YDEX,н/п,н/п,
2015,Мосбиржа,MOEX,н/п,н/п,
2015,Транснефть,TRNFP,н/п,н/п,
2015,Полюс,PLZL,н/п,н/п,
2015,Сургутнефтегаз-П,SNGSP,н/п,н/п,
2015,Банковская ставка RUB,BANK_DEPOSIT_RATE_RUB,н/п,н/п,
2015,Золото/RUB TOM,GLDRUB_TOM,н/п,н/п,
2015,USD/RUB,USD_RUB,н/п,н/п,
2015,Фонд RU000A0EQ3Q5,RU000A0EQ3Q5,н/п,н/п,
2015,Фонд RU000A0JR282,RU000A0JR282,н/п,н/п,
,,,,,
2016,ОФЗ-26217,SU26217RMFS8,-,+,
2016,ФСК ЕЭС-25,RU000A0JT2K2,-,+,
2016,РЖД-33,RU000A0JVB19,-,+,
2016,Татфондбанк-БО-14,RU000A0JVGH3,+,-,
2016,Пересвет-БО-П02,RU000A0JVVL4,+,-,
2016,Магнит,MGNT,н/п,н/п,
2016,ВТБ,VTBR,н/п,н/п,
2016,Сбер,SBER,н/п,н/п,
2016,Норникель,GMKN,н/п,н/п,
2016,ЛСР,LSRG,н/п,н/п,
2016,Роснефть,ROSN,н/п,н/п,
2016,ПИК,PIKK,н/п,н/п,
2016,Газпром,GAZP,н/п,н/п,
2016,АФК Система,AFKS,н/п,н/п,
2016,Яндекс,YDEX,н/п,н/п,
2016,Мосбиржа,MOEX,н/п,н/п,
2016,Транснефть,TRNFP,н/п,н/п,
2016,Полюс,PLZL,н/п,н/п,
2016,Сургутнефтегаз-П,SNGSP,н/п,н/п,
2016,Банковская ставка RUB,BANK_DEPOSIT_RATE_RUB,н/п,н/п,
2016,Золото/RUB TOM,GLDRUB_TOM,н/п,н/п,
2016,USD/RUB,USD_RUB,н/п,н/п,
2016,Фонд RU000A0EQ3Q5,RU000A0EQ3Q5,н/п,н/п,
2016,Фонд RU000A0JR282,RU000A0JR282,н/п,н/п,
,,,,,
2017,ОФЗ-26209,SU26209RMFS5,-,+,
2017,РСХБ-21,RU000A0JU1Q8,-,+,
2017,Роснефть-001P-01,RU000A0JX132,-,+,
2017,Домашние деньги-БО-001P-01,RU000A0JXPH0,+,-,
2017,Гарант-Инвест-001P-01,RU000A0JXRT1,-,-,
2017,Магнит,MGNT,н/п,н/п,
2017,ВТБ,VTBR,н/п,н/п,
2017,Сбер,SBER,н/п,н/п,
2017,Норникель,GMKN,н/п,н/п,
2017,ЛСР,LSRG,н/п,н/п,
2017,Роснефть,ROSN,н/п,н/п,
2017,ПИК,PIKK,н/п,н/п,
2017,Газпром,GAZP,н/п,н/п,
2017,Детский Мир,DSKY,н/п,н/п,
2017,АФК Система,AFKS,н/п,н/п,
2017,Яндекс,YDEX,н/п,н/п,
2017,Мосбиржа,MOEX,н/п,н/п,
2017,Транснефть,TRNFP,н/п,н/п,
2017,Полюс,PLZL,н/п,н/п,
2017,Сургутнефтегаз-П,SNGSP,н/п,н/п,
2017,Банковская ставка RUB,BANK_DEPOSIT_RATE_RUB,н/п,н/п,
2017,Золото/RUB TOM,GLDRUB_TOM,н/п,н/п,
2017,USD/RUB,USD_RUB,н/п,н/п,
2017,Фонд RU000A0EQ3Q5,RU000A0EQ3Q5,н/п,н/п,
2017,Фонд RU000A0JR282,RU000A0JR282,н/п,н/п,
,,,,,
2018,ОФЗ-26215,SU26215RMFS2,-,+,
2018,Роснефть-БО-01,RU000A0JUFU0,-,+,
2018,РЖД БО-001P-01R,RU000A0JXN05,-,+,
2018,Открытие Холдинг-БО-02,RU000A0JVDR9,+,-,
2018,Стройжилинвест-01,RU000A0JUQW3,-,-,
2018,Магнит,MGNT,н/п,н/п,
2018,Х5,X5,н/п,н/п,
2018,ВТБ,VTBR,н/п,н/п,
2018,Сбер,SBER,н/п,н/п,
2018,Норникель,GMKN,н/п,н/п,
2018,ЛСР,LSRG,н/п,н/п,
2018,Роснефть,ROSN,н/п,н/п,
2018,ПИК,PIKK,н/п,н/п,
2018,Газпром,GAZP,н/п,н/п,
2018,Детский Мир,DSKY,н/п,н/п,
2018,АФК Система,AFKS,н/п,н/п,
2018,Яндекс,YDEX,н/п,н/п,
2018,Мосбиржа,MOEX,н/п,н/п,
2018,Транснефть,TRNFP,н/п,н/п,
2018,Полюс,PLZL,н/п,н/п,
2018,Сургутнефтегаз-П,SNGSP,н/п,н/п,
2018,Банковская ставка RUB,BANK_DEPOSIT_RATE_RUB,н/п,н/п,
2018,Золото/RUB TOM,GLDRUB_TOM,н/п,н/п,
2018,USD/RUB,USD_RUB,н/п,н/п,
2018,Фонд RU000A0EQ3Q5,RU000A0EQ3Q5,н/п,н/п,
2018,Фонд RU000A0JR282,RU000A0JR282,н/п,н/п,
,,,,,
2019,ОФЗ-26222,SU26222RMFS8,-,+,
2019,РусГидро-01,RU000A0JRFN1,-,+,
2019,Роснефть-001P-04,RU000A0JXQK2,-,+,
2019,Стройжилинвест-БО-01,RU000A0JV334,+,-,
2019,ДЭНИ КОЛЛ-БО-01,RU000A100M47,-,-,
2019,Магнит,MGNT,н/п,н/п,
2019,Х5,X5,н/п,н/п,
2019,ВТБ,VTBR,н/п,н/п,
2019,Сбер,SBER,н/п,н/п,
2019,Норникель,GMKN,н/п,н/п,
2019,ЛСР,LSRG,н/п,н/п,
2019,Роснефть,ROSN,н/п,н/п,
2019,ПИК,PIKK,н/п,н/п,
2019,Газпром,GAZP,н/п,н/п,
2019,Детский Мир,DSKY,н/п,н/п,
2019,АФК Система,AFKS,н/п,н/п,
2019,Яндекс,YDEX,н/п,н/п,
2019,Мосбиржа,MOEX,н/п,н/п,
2019,Транснефть,TRNFP,н/п,н/п,
2019,Полюс,PLZL,н/п,н/п,
2019,Сургутнефтегаз-П,SNGSP,н/п,н/п,
2019,Банковская ставка RUB,BANK_DEPOSIT_RATE_RUB,н/п,н/п,
2019,Золото/RUB TOM,GLDRUB_TOM,н/п,н/п,
2019,USD/RUB,USD_RUB,н/п,н/п,
2019,Фонд RU000A0EQ3Q5,RU000A0EQ3Q5,н/п,н/п,
2019,Фонд RU000A0JR282,RU000A0JR282,н/п,н/п,
,,,,,
2020,ОФЗ-26234,SU26234RMFS3,-,+,
2020,ФСК Россети-22,RU000A0JSQ58,-,+,
2020,МТС-001P-14,RU000A101FH6,-,+,
2020,Дядя Дёнер-БО-П01,RU000A0ZZ7R8,+,-,
2020,Открытие Холдинг-БО-01,RU000A0JVPJ0,+,-,
2020,Магнит,MGNT,н/п,н/п,
2020,Х5,X5,н/п,н/п,
2020,ВТБ,VTBR,н/п,н/п,
2020,Сбер,SBER,н/п,н/п,
2020,Норникель,GMKN,н/п,н/п,
2020,ЛСР,LSRG,н/п,н/п,
2020,Роснефть,ROSN,н/п,н/п,
2020,ПИК,PIKK,н/п,н/п,
2020,Газпром,GAZP,н/п,н/п,
2020,Детский Мир,DSKY,н/п,н/п,
2020,АФК Система,AFKS,н/п,н/п,
2020,Яндекс,YDEX,н/п,н/п,
2020,Мосбиржа,MOEX,н/п,н/п,
2020,Транснефть,TRNFP,н/п,н/п,
2020,Полюс,PLZL,н/п,н/п,
2020,Сургутнефтегаз-П,SNGSP,н/п,н/п,
2020,Банковская ставка RUB,BANK_DEPOSIT_RATE_RUB,н/п,н/п,
2020,Золото/RUB TOM,GLDRUB_TOM,н/п,н/п,
2020,USD/RUB,USD_RUB,н/п,н/п,
2020,Фонд RU000A0EQ3Q5,RU000A0EQ3Q5,н/п,н/п,
2020,Фонд RU000A0JR282,RU000A0JR282,н/п,н/п,
,,,,,
2021,ОФЗ-26219,SU26219RMFS4,-,+,
2021,Газпромбанк-БО-10,RU000A0JUV08,-,+,
2021,Газпром нефть-003P-02R,RU000A1017J5,-,+,
2021,ОР Групп-001P-01,RU000A100V61,+,-,
2021,Гарант-Инвест-001P-07,RU000A101V37,-,-,
2021,Магнит,MGNT,н/п,н/п,
2021,Х5,X5,н/п,н/п,
2021,ВТБ,VTBR,н/п,н/п,
2021,Сбер,SBER,н/п,н/п,
2021,Норникель,GMKN,н/п,н/п,
2021,ЛСР,LSRG,н/п,н/п,
2021,Роснефть,ROSN,н/п,н/п,
2021,ПИК,PIKK,н/п,н/п,
2021,Газпром,GAZP,н/п,н/п,
2021,Детский Мир,DSKY,н/п,н/п,
2021,АФК Система,AFKS,н/п,н/п,
2021,Яндекс,YDEX,н/п,н/п,
2021,Мосбиржа,MOEX,н/п,н/п,
2021,Транснефть,TRNFP,н/п,н/п,
2021,Полюс,PLZL,н/п,н/п,
2021,Сургутнефтегаз-П,SNGSP,н/п,н/п,
2021,Озон,OZON,н/п,н/п,
2021,Банковская ставка RUB,BANK_DEPOSIT_RATE_RUB,н/п,н/п,
2021,Золото/RUB TOM,GLDRUB_TOM,н/п,н/п,
2021,USD/RUB,USD_RUB,н/п,н/п,
2021,Фонд RU000A0EQ3Q5,RU000A0EQ3Q5,н/п,н/п,
2021,Фонд RU000A0JR282,RU000A0JR282,н/п,н/п,
,,,,,
2022,ОФЗ-26232,SU26232RMFS7,-,+,
2022,Газпром капитал-БО-05,RU000A0JXFS8,-,+,
2022,Сбербанк 001P-SBER29,RU000A103G42,-,+,
2022,Главторг БО-01,RU000A1049P5,+,-,
2022,Гарант-Инвест-002P-04,RU000A103WX4,-,-,
2022,Магнит,MGNT,н/п,н/п,
2022,Х5,X5,н/п,н/п,
2022,ВТБ,VTBR,н/п,н/п,
2022,Сбер,SBER,н/п,н/п,
2022,Норникель,GMKN,н/п,н/п,
2022,ЛСР,LSRG,н/п,н/п,
2022,Роснефть,ROSN,н/п,н/п,
2022,ПИК,PIKK,н/п,н/п,
2022,Газпром,GAZP,н/п,н/п,
2022,Детский Мир,DSKY,н/п,н/п,
2022,АФК Система,AFKS,н/п,н/п,
2022,Яндекс,YDEX,н/п,н/п,
2022,Мосбиржа,MOEX,н/п,н/п,
2022,Транснефть,TRNFP,н/п,н/п,
2022,Полюс,PLZL,н/п,н/п,
2022,Сургутнефтегаз-П,SNGSP,н/п,н/п,
2022,Озон,OZON,н/п,н/п,
2022,Банковская ставка RUB,BANK_DEPOSIT_RATE_RUB,н/п,н/п,
2022,Золото/RUB TOM,GLDRUB_TOM,н/п,н/п,
2022,USD/RUB,USD_RUB,н/п,н/п,
2022,Фонд RU000A0EQ3Q5,RU000A0EQ3Q5,н/п,н/п,
2022,Фонд RU000A0JR282,RU000A0JR282,н/п,н/п,
,,,,,
2023,ОФЗ-26236,SU26236RMFS8,-,+,
2023,МТС-БО-02,RU000A0JWRV9,-,+,
2023,РусГидро-БО-П06,RU000A1057P8,-,+,
2023,НИКА-001Р-03,RU000A107SH6,+,-,
2023,РКК БО-02,RU000A105ZW4,-,-,
2023,Магнит,MGNT,н/п,н/п,
2023,Х5,X5,н/п,н/п,
2023,ВТБ,VTBR,н/п,н/п,Обратный сплит 5000 к 1
2023,Сбер,SBER,н/п,н/п,
2023,Норникель,GMKN,н/п,н/п,Сплит 1 к 100
2023,ЛСР,LSRG,н/п,н/п,
2023,Роснефть,ROSN,н/п,н/п,
2023,ПИК,PIKK,н/п,н/п,
2023,Газпром,GAZP,н/п,н/п,
2023,Детский Мир,DSKY,н/п,н/п,Обязательный выкуп с 5 октября по 14 декабря
2023,АФК Система,AFKS,н/п,н/п,
2023,Яндекс,YDEX,н/п,н/п,
2023,Мосбиржа,MOEX,н/п,н/п,
2023,Транснефть,TRNFP,н/п,н/п,Сплит 1 к 100
2023,Полюс,PLZL,н/п,н/п,
2023,Сургутнефтегаз-П,SNGSP,н/п,н/п,
2023,Озон,OZON,н/п,н/п,
2023,Банковская ставка RUB,BANK_DEPOSIT_RATE_RUB,н/п,н/п,
2023,Золото/RUB TOM,GLDRUB_TOM,н/п,н/п,
2023,USD/RUB,USD_RUB,н/п,н/п,
2023,Фонд RU000A0EQ3Q5,RU000A0EQ3Q5,н/п,н/п,
2023,Фонд RU000A0JR282,RU000A0JR282,н/п,н/п,
,,,,,
2024,ОФЗ-26242,SU26242RMFS6,-,+,
2024,Газпром капитал-БО-03,RU000A0ZYUY9,-,+,
2024,РЖД БО-001P-28R,RU000A106ZL5,-,+,
2024,Фабрика Фаворит-БО-01,RU000A106ZZ5,+,-,
2024,РКК БО-01,RU000A105VP7,+,-,
2024,Магнит,MGNT,н/п,н/п,
2024,Х5,X5,н/п,н/п,
2024,ВТБ,VTBR,н/п,н/п,
2024,Сбер,SBER,н/п,н/п,
2024,Норникель,GMKN,н/п,н/п,
2024,ЛСР,LSRG,н/п,н/п,
2024,Роснефть,ROSN,н/п,н/п,
2024,ПИК,PIKK,н/п,н/п,
2024,Газпром,GAZP,н/п,н/п,
2024,Детский Мир,DSKY,н/п,н/п,Делистинг 14 октября
2024,АФК Система,AFKS,н/п,н/п,
2024,Яндекс,YDEX,н/п,н/п,
2024,Мосбиржа,MOEX,н/п,н/п,
2024,Транснефть,TRNFP,н/п,н/п,
2024,Полюс,PLZL,н/п,н/п,Сплит 1 к 10
2024,Сургутнефтегаз-П,SNGSP,н/п,н/п,
2024,Озон,OZON,н/п,н/п,
2024,Банковская ставка RUB,BANK_DEPOSIT_RATE_RUB,н/п,н/п,
2024,Золото/RUB TOM,GLDRUB_TOM,н/п,н/п,
2024,USD/RUB,USD_RUB,н/п,н/п,
2024,Фонд RU000A0EQ3Q5,RU000A0EQ3Q5,н/п,н/п,
2024,Фонд RU000A0JR282,RU000A0JR282,н/п,н/п,